CREATE DATABASE  IF NOT EXISTS `easyinvoice` /*!40100 DEFAULT CHARACTER SET latin1 */;
USE `easyinvoice`;
-- MySQL dump 10.13  Distrib 5.6.34, for Linux (x86_64)
--
-- Host: localhost    Database: easyinvoice
-- ------------------------------------------------------
-- Server version	5.6.34

/*!40101 SET @OLD_CHARACTER_SET_CLIENT=@@CHARACTER_SET_CLIENT */;
/*!40101 SET @OLD_CHARACTER_SET_RESULTS=@@CHARACTER_SET_RESULTS */;
/*!40101 SET @OLD_COLLATION_CONNECTION=@@COLLATION_CONNECTION */;
/*!40101 SET NAMES utf8 */;
/*!40103 SET @OLD_TIME_ZONE=@@TIME_ZONE */;
/*!40103 SET TIME_ZONE='+00:00' */;
/*!40014 SET @OLD_UNIQUE_CHECKS=@@UNIQUE_CHECKS, UNIQUE_CHECKS=0 */;
/*!40014 SET @OLD_FOREIGN_KEY_CHECKS=@@FOREIGN_KEY_CHECKS, FOREIGN_KEY_CHECKS=0 */;
/*!40101 SET @OLD_SQL_MODE=@@SQL_MODE, SQL_MODE='NO_AUTO_VALUE_ON_ZERO' */;
/*!40111 SET @OLD_SQL_NOTES=@@SQL_NOTES, SQL_NOTES=0 */;

--
-- Table structure for table `product`
--

DROP TABLE IF EXISTS `product`;
/*!40101 SET @saved_cs_client     = @@character_set_client */;
/*!40101 SET character_set_client = utf8 */;
CREATE TABLE `product` (
  `id` int(11) NOT NULL AUTO_INCREMENT,
  `sku` varchar(45) DEFAULT NULL,
  `name` varchar(45) NOT NULL,
  `description` varchar(200) DEFAULT NULL,
  `price` float NOT NULL,
  `provider` varchar(45) DEFAULT NULL,
  `purchase_price` float NOT NULL,
  PRIMARY KEY (`id`)
) ENGINE=InnoDB AUTO_INCREMENT=15 DEFAULT CHARSET=latin1;
/*!40101 SET character_set_client = @saved_cs_client */;

--
-- Dumping data for table `product`
--

LOCK TABLES `product` WRITE;
/*!40000 ALTER TABLE `product` DISABLE KEYS */;
INSERT INTO `product` VALUES (2,'1','Coca Cola','Bebida sabor a cola',2,'Coca Cola',1),(12,'1','Testing','',2,'Coca Cola',0.8),(13,'1','Coca Cola','',1,'Coca Cola',1);
/*!40000 ALTER TABLE `product` ENABLE KEYS */;
UNLOCK TABLES;

--
-- Table structure for table `permission`
--

DROP TABLE IF EXISTS `permission`;
/*!40101 SET @saved_cs_client     = @@character_set_client */;
/*!40101 SET character_set_client = utf8 */;
CREATE TABLE `permission` (
  `id` int(11) NOT NULL AUTO_INCREMENT,
  `name` varchar(50) CHARACTER SET latin1 NOT NULL,
  `controller` varchar(50) CHARACTER SET latin1 NOT NULL,
  `created_at` timestamp NOT NULL DEFAULT CURRENT_TIMESTAMP,
  `updated_at` timestamp NOT NULL DEFAULT CURRENT_TIMESTAMP ON UPDATE CURRENT_TIMESTAMP,
  PRIMARY KEY (`id`)
) ENGINE=InnoDB AUTO_INCREMENT=10 DEFAULT CHARSET=latin1 COLLATE=latin1_spanish_ci;
/*!40101 SET character_set_client = @saved_cs_client */;

--
-- Dumping data for table `permission`
--

LOCK TABLES `permission` WRITE;
/*!40000 ALTER TABLE `permission` DISABLE KEYS */;
INSERT INTO `permission` VALUES (1,'Generar Pedido','','2016-10-10 18:31:55','2016-10-10 18:33:40'),(2,'Agregar Cliente','','2016-10-10 18:31:55','2016-10-10 18:31:55'),(3,'Modificar Facturas','','2016-10-10 18:32:38','2016-10-10 18:32:38'),(4,'Generar Reportes','','2016-10-10 18:32:38','2016-10-10 18:32:38'),(5,'Modificar Configuración','Settings','2016-10-10 18:33:16','2016-11-05 17:02:28'),(6,'Acceder al dashboard','','2016-10-10 18:33:16','2016-10-10 18:33:16'),(7,'Gestionar Usuarios','','2016-10-10 18:50:49','2016-10-10 18:50:49'),(9,'Solo documentación','Docs','2016-11-05 16:55:08','2016-11-05 16:55:08');
/*!40000 ALTER TABLE `permission` ENABLE KEYS */;
UNLOCK TABLES;

--
-- Table structure for table `tax`
--

DROP TABLE IF EXISTS `tax`;
/*!40101 SET @saved_cs_client     = @@character_set_client */;
/*!40101 SET character_set_client = utf8 */;
CREATE TABLE `tax` (
  `id` int(11) NOT NULL AUTO_INCREMENT,
  `name` varchar(50) NOT NULL,
  `percentage` float NOT NULL,
  PRIMARY KEY (`id`)
) ENGINE=InnoDB AUTO_INCREMENT=4 DEFAULT CHARSET=latin1;
/*!40101 SET character_set_client = @saved_cs_client */;

--
-- Dumping data for table `tax`
--

LOCK TABLES `tax` WRITE;
/*!40000 ALTER TABLE `tax` DISABLE KEYS */;
INSERT INTO `tax` VALUES (1,'IVA',13),(3,'Impuesto a la Seguridad',5);
/*!40000 ALTER TABLE `tax` ENABLE KEYS */;
UNLOCK TABLES;

--
-- Table structure for table `user_role`
--

DROP TABLE IF EXISTS `user_role`;
/*!40101 SET @saved_cs_client     = @@character_set_client */;
/*!40101 SET character_set_client = utf8 */;
CREATE TABLE `user_role` (
  `id` int(11) NOT NULL AUTO_INCREMENT,
  `user` int(11) NOT NULL,
  `role` int(11) NOT NULL,
  PRIMARY KEY (`id`),
  KEY `user` (`user`),
  KEY `role` (`role`),
  CONSTRAINT `user_role_ibfk_1` FOREIGN KEY (`user`) REFERENCES `user` (`id`) ON DELETE CASCADE ON UPDATE CASCADE,
  CONSTRAINT `user_role_ibfk_2` FOREIGN KEY (`role`) REFERENCES `role` (`id`) ON DELETE CASCADE ON UPDATE CASCADE
) ENGINE=InnoDB AUTO_INCREMENT=17 DEFAULT CHARSET=latin1 COLLATE=latin1_spanish_ci;
/*!40101 SET character_set_client = @saved_cs_client */;

--
-- Dumping data for table `user_role`
--

LOCK TABLES `user_role` WRITE;
/*!40000 ALTER TABLE `user_role` DISABLE KEYS */;
INSERT INTO `user_role` VALUES (1,1,1),(14,10,3),(16,12,6);
/*!40000 ALTER TABLE `user_role` ENABLE KEYS */;
UNLOCK TABLES;

--
-- Table structure for table `role_permission`
--

DROP TABLE IF EXISTS `role_permission`;
/*!40101 SET @saved_cs_client     = @@character_set_client */;
/*!40101 SET character_set_client = utf8 */;
CREATE TABLE `role_permission` (
  `id` int(11) NOT NULL AUTO_INCREMENT,
  `role` int(11) NOT NULL,
  `permission` int(11) NOT NULL,
  PRIMARY KEY (`id`),
  KEY `role` (`role`),
  KEY `permission` (`permission`),
  CONSTRAINT `role_permission_ibfk_1` FOREIGN KEY (`role`) REFERENCES `role` (`id`) ON DELETE CASCADE,
  CONSTRAINT `role_permission_ibfk_2` FOREIGN KEY (`permission`) REFERENCES `permission` (`id`) ON DELETE CASCADE ON UPDATE CASCADE
) ENGINE=InnoDB AUTO_INCREMENT=19 DEFAULT CHARSET=latin1 COLLATE=latin1_spanish_ci;
/*!40101 SET character_set_client = @saved_cs_client */;

--
-- Dumping data for table `role_permission`
--

LOCK TABLES `role_permission` WRITE;
/*!40000 ALTER TABLE `role_permission` DISABLE KEYS */;
INSERT INTO `role_permission` VALUES (14,1,1),(15,1,2),(16,1,5),(17,2,1),(18,6,9);
/*!40000 ALTER TABLE `role_permission` ENABLE KEYS */;
UNLOCK TABLES;

--
-- Table structure for table `client`
--

DROP TABLE IF EXISTS `client`;
/*!40101 SET @saved_cs_client     = @@character_set_client */;
/*!40101 SET character_set_client = utf8 */;
CREATE TABLE `client` (
  `id` int(11) NOT NULL AUTO_INCREMENT,
  `name` varchar(50) COLLATE latin1_spanish_ci NOT NULL,
  `nit` varchar(50) COLLATE latin1_spanish_ci NOT NULL,
  `address` varchar(50) COLLATE latin1_spanish_ci NOT NULL,
  `phone` varchar(50) COLLATE latin1_spanish_ci NOT NULL,
  PRIMARY KEY (`id`)
) ENGINE=InnoDB AUTO_INCREMENT=21 DEFAULT CHARSET=latin1 COLLATE=latin1_spanish_ci;
/*!40101 SET character_set_client = @saved_cs_client */;

--
-- Dumping data for table `client`
--

LOCK TABLES `client` WRITE;
/*!40000 ALTER TABLE `client` DISABLE KEYS */;
INSERT INTO `client` VALUES (20,'Roberto Ernesto Jovel Barrera','0614-100691-153-0','Urb Los Santos III pasaje 11 ponite block 11 #2','2290-6631');
/*!40000 ALTER TABLE `client` ENABLE KEYS */;
UNLOCK TABLES;

--
-- Table structure for table `role`
--

DROP TABLE IF EXISTS `role`;
/*!40101 SET @saved_cs_client     = @@character_set_client */;
/*!40101 SET character_set_client = utf8 */;
CREATE TABLE `role` (
  `id` int(11) NOT NULL AUTO_INCREMENT,
  `name` varchar(50) COLLATE latin1_spanish_ci NOT NULL,
  `created_at` timestamp NOT NULL DEFAULT CURRENT_TIMESTAMP,
  `updated_at` timestamp NOT NULL DEFAULT CURRENT_TIMESTAMP ON UPDATE CURRENT_TIMESTAMP,
  PRIMARY KEY (`id`)
) ENGINE=InnoDB AUTO_INCREMENT=7 DEFAULT CHARSET=latin1 COLLATE=latin1_spanish_ci;
/*!40101 SET character_set_client = @saved_cs_client */;

--
-- Dumping data for table `role`
--

LOCK TABLES `role` WRITE;
/*!40000 ALTER TABLE `role` DISABLE KEYS */;
INSERT INTO `role` VALUES (1,'Administrador','2016-10-10 18:41:23','2016-10-10 18:41:23'),(2,'Contador','2016-10-10 18:41:23','2016-10-10 18:42:53'),(3,'Supervisor','2016-10-10 18:42:26','2016-10-10 18:42:26'),(4,'Prevendedor','2016-10-10 18:42:26','2016-10-10 18:42:26'),(6,'Invitado (Guest)','2016-11-05 16:54:06','2016-11-05 16:54:18');
/*!40000 ALTER TABLE `role` ENABLE KEYS */;
UNLOCK TABLES;

--
-- Table structure for table `user`
--

DROP TABLE IF EXISTS `user`;
/*!40101 SET @saved_cs_client     = @@character_set_client */;
/*!40101 SET character_set_client = utf8 */;
CREATE TABLE `user` (
  `id` int(11) NOT NULL AUTO_INCREMENT,
  `username` varchar(50) CHARACTER SET latin1 NOT NULL,
  `email` varchar(50) CHARACTER SET latin1 NOT NULL,
  `firstname` varchar(50) CHARACTER SET latin1 NOT NULL,
  `lastname` varchar(50) CHARACTER SET latin1 NOT NULL,
  `password` text CHARACTER SET latin1 NOT NULL,
  `created_at` timestamp NOT NULL DEFAULT CURRENT_TIMESTAMP,
  `updated_at` timestamp NOT NULL DEFAULT CURRENT_TIMESTAMP ON UPDATE CURRENT_TIMESTAMP,
  PRIMARY KEY (`id`)
) ENGINE=InnoDB AUTO_INCREMENT=13 DEFAULT CHARSET=latin1 COLLATE=latin1_spanish_ci;
/*!40101 SET character_set_client = @saved_cs_client */;

--
-- Dumping data for table `user`
--

LOCK TABLES `user` WRITE;
/*!40000 ALTER TABLE `user` DISABLE KEYS */;
INSERT INTO `user` VALUES (1,'admin@mail.com','admin@mail.com','Roberto Ernesto','Jovel Barrera','25d55ad283aa400af464c76d713c07ad','2016-10-10 19:07:19','2016-10-10 19:07:43'),(7,'rej.barrera@gmail.com','rej.barrera@gmail.com','Roberto Ernesto','Barrera','25d55ad283aa400af464c76d713c07ad','2016-10-10 23:13:17','2016-10-10 23:13:17'),(10,'abc@mail.com','abc@mail.com','nombre','apellido','81dc9bdb52d04dc20036dbd8313ed055','2016-11-03 02:31:25','2016-11-03 02:31:25'),(12,'guest@mail.com','guest@mail.com','Mr. invitado','Guest','25d55ad283aa400af464c76d713c07ad','2016-11-05 16:56:53','2016-11-05 16:56:53');
/*!40000 ALTER TABLE `user` ENABLE KEYS */;
UNLOCK TABLES;

--
-- Table structure for table `product_tax`
--

DROP TABLE IF EXISTS `product_tax`;
/*!40101 SET @saved_cs_client     = @@character_set_client */;
/*!40101 SET character_set_client = utf8 */;
CREATE TABLE `product_tax` (
  `id` int(11) NOT NULL AUTO_INCREMENT,
  `product` int(11) NOT NULL,
  `tax` int(11) NOT NULL,
  PRIMARY KEY (`id`),
  KEY `fk_product` (`product`),
  KEY `fk_tax` (`tax`),
  CONSTRAINT `fk_product` FOREIGN KEY (`product`) REFERENCES `product` (`id`) ON DELETE CASCADE ON UPDATE CASCADE,
  CONSTRAINT `fk_tax` FOREIGN KEY (`tax`) REFERENCES `tax` (`id`) ON DELETE CASCADE ON UPDATE CASCADE
) ENGINE=InnoDB AUTO_INCREMENT=16 DEFAULT CHARSET=latin1;
/*!40101 SET character_set_client = @saved_cs_client */;

--
-- Dumping data for table `product_tax`
--

LOCK TABLES `product_tax` WRITE;
/*!40000 ALTER TABLE `product_tax` DISABLE KEYS */;
INSERT INTO `product_tax` VALUES (5,12,1),(6,12,3),(15,13,3);
/*!40000 ALTER TABLE `product_tax` ENABLE KEYS */;
UNLOCK TABLES;
/*!40103 SET TIME_ZONE=@OLD_TIME_ZONE */;

/*!40101 SET SQL_MODE=@OLD_SQL_MODE */;
/*!40014 SET FOREIGN_KEY_CHECKS=@OLD_FOREIGN_KEY_CHECKS */;
/*!40014 SET UNIQUE_CHECKS=@OLD_UNIQUE_CHECKS */;
/*!40101 SET CHARACTER_SET_CLIENT=@OLD_CHARACTER_SET_CLIENT */;
/*!40101 SET CHARACTER_SET_RESULTS=@OLD_CHARACTER_SET_RESULTS */;
/*!40101 SET COLLATION_CONNECTION=@OLD_COLLATION_CONNECTION */;
/*!40111 SET SQL_NOTES=@OLD_SQL_NOTES */;

-- Dump completed on 2016-11-06 23:02:05
